acqtime,obsppw.l_foot_contact,obsppw.walkway_x,obsimu.lowerback_acc_x,obsimu.lowerback_roll,patient.subjectid
0 sec,0,,9.7175,-146.49039,HC100
0.01 sec,0,,9.742723,-168.598153,HC100
0.02 sec,0,,9.769863,-168.596508,HC100
0 sec,0,,9.813694,35.897828,NLS002
0.01 sec,0,,9.793545,35.804882,NLS002
0.02 sec,0,,9.790362,35.964651,NLS002
